asset,Sharpe_Ratio
BTC-USD,0.8419444997425644
ETH-USD,2.9114745369685373
BNB-USD,5.689622813718459
