asset,volatility,annualized_volatility
BTC-USD,0.04292354462774597,0.6813901468463902
ETH-USD,0.05766272311268228,0.9153673516496017
BNB-USD,0.08058844245865161,1.279301863749785
