asset,Sharpe_Ratio
BTC-USD,2.7075098615150552
ETH-USD,2.9918845040016846
BNB-USD,1.298713835041502
