asset,volatility,annualized_volatility
BTC-USD,0.03791803231808671,0.6019301023114045
ETH-USD,0.049650602996874404,0.7881788878447678
BNB-USD,0.04799008111361343,0.7618189201466327
